SYSRECNO,RTVER_NO,START_PLACE_ID,END_PLACE_ID,PERIOD_START_TIME,PERIOD_END_TIME,ROUTE_ID,RVARIANT_ID,RUN_TIME,SYSTXID
27009088,3536,SheLs,IrvBwy,846000,881990,  80,EB,1800,10187765
27009089,3536,SheLs,IrvBwy,711000,711590,  80,EB,1500,10187765
27009090,3536,SheLs,IrvBwy,729000,729590,  80,EB,1200,10187765
27009091,3536,SheLs,IrvBwy,756000,827390,  80,EB,1500,10187765
27009092,3536,SheLs,IrvBwy,882000,987590,  80,EB,1500,10187765
27009093,3536,SheLs,IrvBwy,999000,999590,  80,EB,1800,10187765
27009094,3536,SheLs,IrvBwy,1017000,1017590,  80,EB,1500,10187765
27009095,3536,SheLs,IrvBwy,1044000,1115390,  80,EB,1500,10187765
27009096,3536,SheLs,IrvBwy,1125000,1125590,  80,EB,1500,10187765
27009097,3536,SheLs,IrvBwy,1152000,1187990,  80,EB,1500,10187765
27027838,3536,IrvCen,IrvCic,729000,729590,  80,EB,3900,10187765
27027839,3536,IrvCen,IrvCic,846000,881990,  80,EB,4500,10187765
27027840,3536,IrvCen,IrvCic,882000,987590,  80,EB,4200,10187765
27027841,3536,IrvCen,IrvCic,999000,999590,  80,EB,3900,10187765
27027842,3536,IrvCen,IrvCic,1017000,1017590,  80,EB,4200,10187765
27027843,3536,IrvCen,IrvCic,1044000,1079990,  80,EB,4200,10187765
27027844,3536,IrvCen,IrvCic,1080000,1115390,  80,EB,3600,10187765
27027845,3536,IrvCen,IrvCic,1125000,1125590,  80,EB,3600,10187765
27027846,3536,IrvCen,IrvCic,1152000,1187990,  80,EB,3600,10187765
27027847,3536,IrvCen,IrvCic,1222200,1258190,  80,EB,3300,10187765
27027848,3536,IrvCen,IrvCic,1258200,1403990,  80,EB,3000,10187765
27027849,3536,IrvCic,IrvBlu,540000,573590,  80,EB,2100,10187765
27027850,3536,IrvCic,IrvBlu,573600,673790,  80,EB,2400,10187765
27027851,3536,IrvCic,IrvBlu,693000,693590,  80,EB,3000,10187765
27027852,3536,IrvCic,IrvBlu,711000,711590,  80,EB,3000,10187765
27027853,3536,IrvCic,IrvBlu,729000,729590,  80,EB,3000,10187765
27027854,3536,IrvCic,IrvBlu,756000,791990,  80,EB,3000,10187765
27027855,3536,IrvCic,IrvBlu,792000,827390,  80,EB,3300,10187765
27027856,3536,IrvCic,IrvBlu,846000,987590,  80,EB,3300,10187765
27027857,3536,IrvCic,IrvBlu,999000,999590,  80,EB,3300,10187765
27027858,3536,IrvCic,IrvBlu,1017000,1017590,  80,EB,3300,10187765
27020847,3536,IrvAsh,IrvWes,864000,881990,  80,WB,4500,10187765
27020848,3536,IrvAsh,IrvWes,684000,719990,  80,WB,3000,10187765
27020849,3536,IrvAsh,IrvWes,720000,761390,  80,WB,3600,10187765
27020850,3536,IrvAsh,IrvWes,792000,828590,  80,WB,3900,10187765
27024252,3536,IrvWes,IrvAsh,540000,573590,  80,EB,2100,10187765
27024253,3536,IrvWes,IrvAsh,573600,629990,  80,EB,2400,10187765
27024254,3536,IrvWes,IrvAsh,630000,673790,  80,EB,2700,10187765
27024255,3536,IrvWes,IrvAsh,693000,693590,  80,EB,3000,10187765
27024256,3536,IrvWes,IrvAsh,711000,711590,  80,EB,3000,10187765
27024269,3536,IrvCic,IrvCen,621000,621590,  80,WB,2400,10187765
27024270,3536,IrvCen,IrvHar,1296000,1403990,  80,WB,5400,10187765
27024271,3536,IrvCic,IrvCen,540000,557990,  80,WB,2400,10187765
27024272,3536,IrvCic,IrvCen,558000,607190,  80,WB,2100,10187765
27024273,3536,IrvCic,IrvCen,639000,639590,  80,WB,2400,10187765
27024274,3536,IrvCic,IrvCen,657000,657590,  80,WB,3000,10187765
27024275,3536,IrvCic,IrvCen,684000,719990,  80,WB,3900,10187765
27024276,3536,IrvCic,IrvCen,720000,761390,  80,WB,3600,10187765
27024277,3536,IrvCic,IrvCen,792000,828590,  80,WB,3900,10187765
27024278,3536,IrvCic,IrvCen,864000,953990,  80,WB,4200,10187765
27024279,3536,IrvCic,IrvCen,954000,1007390,  80,WB,3900,10187765
27024280,3536,IrvCic,IrvCen,1017000,1017590,  80,WB,4500,10187765
27024281,3536,IrvCic,IrvCen,1044000,1081790,  80,WB,3600,10187765
27007367,3536,IrvCum,IrvHar,792000,827390,  80,EB,3600,10187765
27007368,3536,IrvCum,IrvHar,711000,711590,  80,EB,3300,10187765
27007369,3536,IrvCum,IrvHar,729000,729590,  80,EB,3300,10187765
27007370,3536,IrvCum,IrvHar,756000,791990,  80,EB,3900,10187765
27007371,3536,IrvCum,IrvHar,846000,987590,  80,EB,3900,10187765
27007372,3536,IrvCum,IrvHar,999000,999590,  80,EB,3900,10187765
27007373,3536,IrvCum,IrvHar,1017000,1017590,  80,EB,4200,10187765
27007374,3536,IrvCum,IrvHar,1044000,1115390,  80,EB,3900,10187765
27007375,3536,IrvCum,IrvHar,1125000,1125590,  80,EB,3600,10187765
27007376,3536,IrvCum,IrvHar,1152000,1187990,  80,EB,3600,10187765
27007377,3536,IrvCum,IrvHar,1222200,1403990,  80,EB,3600,10187765
27007378,3536,IrvHar,IrvCen,1222200,1258190,  80,EB,5100,10187765
27007379,3536,IrvHar,IrvCen,1258200,1403990,  80,EB,4800,10187765
27019050,3536,IrvWes,IrvKim,657000,657590,  80,WB,3300,10187765
27019051,3536,IrvWes,IrvKim,684000,719990,  80,WB,3600,10187765
27019052,3536,IrvWes,IrvKim,720000,761390,  80,WB,3900,10187765
27019053,3536,IrvWes,IrvKim,792000,828590,  80,WB,4800,10187765
27019054,3536,IrvWes,IrvKim,864000,953990,  80,WB,5100,10187765
27019055,3536,IrvWes,IrvKim,954000,1007390,  80,WB,4800,10187765
27017242,3536,IrvCen,IrvHar,864000,881990,  80,WB,8400,10187765
27017243,3536,IrvCen,IrvHar,882000,1007390,  80,WB,7800,10187765
27017244,3536,IrvCen,IrvHar,1017000,1017590,  80,WB,7800,10187765
27017245,3536,IrvCen,IrvHar,1044000,1081790,  80,WB,7200,10187765
27017246,3536,IrvCen,IrvHar,1098000,1187990,  80,WB,5400,10187765
27017247,3536,IrvCen,IrvHar,1188000,1295990,  80,WB,5100,10187765
27019163,3536,SheLs,IrvBwy,1222200,1403990,  80,EB,1500,10187765
27021265,3536,IrvBlu,IrvKim,1222200,1403990,  80,EB,3600,10187765
27021267,3536,IrvBlu,IrvKim,1125000,1125590,  80,EB,4200,10187765
27021268,3536,IrvBlu,IrvKim,1152000,1187990,  80,EB,3600,10187765
27021269,3536,IrvCen,IrvCic,540000,629990,  80,EB,2700,10187765
27021270,3536,IrvCen,IrvCic,630000,673790,  80,EB,3300,10187765
27007755,3536,IrvKim,IrvWes,1152000,1187990,  80,EB,3900,10187765
27007756,3536,IrvKim,IrvWes,1017000,1017590,  80,EB,4800,10187765
27007757,3536,IrvKim,IrvWes,1044000,1115390,  80,EB,4800,10187765
27007758,3536,IrvKim,IrvWes,1125000,1125590,  80,EB,4800,10187765
27007759,3536,IrvKim,IrvWes,1222200,1258190,  80,EB,4200,10187765
27007760,3536,IrvKim,IrvWes,1258200,1403990,  80,EB,3900,10187765
27017640,3536,IrvAsh,SheLs,756000,827390,  80,EB,5700,10187765
27017641,3536,IrvAsh,SheLs,846000,987590,  80,EB,6000,10187765
27024875,3536,IrvAsh,SheLs,540000,629990,  80,EB,3600,10187765
27024933,3536,IrvAsh,IrvWes,540000,607190,  80,WB,3000,10187765
27024934,3536,IrvAsh,IrvWes,621000,621590,  80,WB,3000,10187765
27024935,3536,IrvAsh,IrvWes,639000,639590,  80,WB,2700,10187765
27024936,3536,IrvAsh,IrvWes,657000,657590,  80,WB,3000,10187765
27026682,3536,IrvAsh,IrvWes,882000,1007390,  80,WB,4200,10187765
27026683,3536,IrvAsh,IrvWes,1017000,1017590,  80,WB,4200,10187765
27026684,3536,IrvAsh,IrvWes,1044000,1081790,  80,WB,4500,10187765
27026690,3536,IrvBwy,IrvAsh,882000,1007390,  80,WB,3900,10187765
27026691,3536,IrvBwy,IrvAsh,1017000,1017590,  80,WB,3900,10187765
27026692,3536,IrvBwy,IrvAsh,1044000,1081790,  80,WB,3900,10187765
27026693,3536,IrvBwy,IrvAsh,1098000,1241990,  80,WB,3600,10187765
27026694,3536,IrvBwy,IrvAsh,1242000,1403990,  80,WB,3000,10187765
27026695,3536,IrvCen,IrvHar,540000,557990,  80,WB,4200,10187765
27026696,3536,IrvCen,IrvHar,558000,607190,  80,WB,4800,10187765
27026697,3536,IrvCen,IrvHar,621000,621590,  80,WB,4800,10187765
27026698,3536,IrvCen,IrvHar,639000,639590,  80,WB,4800,10187765
27026699,3536,IrvCen,IrvHar,657000,657590,  80,WB,5100,10187765
27026700,3536,IrvCen,IrvHar,684000,719990,  80,WB,5700,10187765
27026701,3536,IrvCen,IrvHar,720000,761390,  80,WB,6300,10187765
27026702,3536,IrvCen,IrvHar,792000,828590,  80,WB,7800,10187765
27015670,3536,IrvWes,IrvKim,1098000,1151990,  80,WB,3900,10187765
27015676,3536,IrvWes,IrvKim,1296000,1403990,  80,WB,3300,10187765
27015677,3536,IrvWes,IrvKim,1152000,1187990,  80,WB,4200,10187765
27015678,3536,IrvWes,IrvKim,1188000,1295990,  80,WB,3600,10187765
27017642,3536,IrvAsh,SheLs,999000,999590,  80,EB,6900,10187765
27017643,3536,IrvAsh,SheLs,1017000,1017590,  80,EB,6000,10187765
27017644,3536,IrvAsh,SheLs,1044000,1079990,  80,EB,5400,10187765
27017645,3536,IrvAsh,SheLs,1080000,1115390,  80,EB,5100,10187765
27017762,3536,IrvCic,IrvCen,1098000,1187990,  80,WB,3600,10187765
27017763,3536,IrvCic,IrvCen,1188000,1241990,  80,WB,3000,10187765
27017764,3536,IrvCic,IrvCen,1242000,1295990,  80,WB,2700,10187765
27017765,3536,IrvCic,IrvCen,1296000,1403990,  80,WB,2100,10187765
27017766,3536,IrvHar,IrvCum,540000,607190,  80,WB,2400,10187765
27017767,3536,IrvHar,IrvCum,621000,621590,  80,WB,2400,10187765
27017768,3536,IrvHar,IrvCum,639000,639590,  80,WB,2700,10187765
27021711,3536,IrvKim,IrvWes,999000,999590,  80,EB,4500,10187765
27012007,3536,IrvHar,IrvCum,792000,828590,  80,WB,3600,10187765
27012008,3536,IrvHar,IrvCum,657000,657590,  80,WB,3000,10187765
27012009,3536,IrvHar,IrvCum,684000,761390,  80,WB,3300,10187765
27012010,3536,IrvHar,IrvCum,864000,881990,  80,WB,3900,10187765
27012011,3536,IrvHar,IrvCum,882000,1007390,  80,WB,3600,10187765
27012012,3536,IrvHar,IrvCum,1017000,1017590,  80,WB,3300,10187765
27012013,3536,IrvHar,IrvCum,1044000,1081790,  80,WB,3000,10187765
27012014,3536,IrvHar,IrvCum,1098000,1403990,  80,WB,3300,10187765
27012015,3536,IrvKim,IrvBlu,540000,607190,  80,WB,3000,10187765
27017769,3536,IrvWes,IrvKim,1017000,1017590,  80,WB,4800,10187765
27017770,3536,IrvWes,IrvKim,1044000,1081790,  80,WB,4500,10187765
27017886,3536,IrvHar,IrvCen,540000,629990,  80,EB,5100,10187765
27017887,3536,IrvHar,IrvCen,630000,673790,  80,EB,5400,10187765
27017888,3536,IrvHar,IrvCen,693000,693590,  80,EB,6000,10187765
27017889,3536,IrvHar,IrvCen,711000,711590,  80,EB,6300,10187765
27017890,3536,IrvHar,IrvCen,729000,729590,  80,EB,6000,10187765
27017891,3536,IrvHar,IrvCen,756000,791990,  80,EB,6300,10187765
27017892,3536,IrvHar,IrvCen,792000,827390,  80,EB,6600,10187765
27017893,3536,IrvHar,IrvCen,846000,881990,  80,EB,7200,10187765
27023169,3536,IrvAsh,SheLs,693000,693590,  80,EB,4200,10187765
27023171,3536,IrvAsh,SheLs,630000,673790,  80,EB,3900,10187765
27023172,3536,IrvAsh,SheLs,711000,711590,  80,EB,4800,10187765
27023173,3536,IrvAsh,SheLs,729000,729590,  80,EB,5100,10187765
27015919,3536,IrvKim,IrvWes,573600,673790,  80,EB,3300,10187765
27015920,3536,IrvKim,IrvWes,693000,693590,  80,EB,4500,10187765
27015921,3536,IrvHar,IrvCen,1152000,1187990,  80,EB,7200,10187765
27015922,3536,IrvKim,IrvWes,540000,573590,  80,EB,3600,10187765
27015923,3536,IrvKim,IrvWes,711000,711590,  80,EB,4200,10187765
27015924,3536,IrvKim,IrvWes,729000,729590,  80,EB,4500,10187765
27015925,3536,IrvKim,IrvWes,756000,827390,  80,EB,4500,10187765
27015926,3536,IrvKim,IrvWes,846000,881990,  80,EB,5100,10187765
27015927,3536,IrvKim,IrvWes,882000,987590,  80,EB,4800,10187765
27017894,3536,IrvHar,IrvCen,882000,987590,  80,EB,7500,10187765
27010499,3536,IrvBlu,IrvKim,1017000,1017590,  80,EB,3900,10187765
27010500,3536,IrvBlu,IrvKim,1044000,1079990,  80,EB,4200,10187765
27010501,3536,IrvBlu,IrvKim,1080000,1115390,  80,EB,3900,10187765
27012270,3536,IrvAsh,SheLs,1258200,1403990,  80,EB,5100,10187765
27012271,3536,IrvAsh,SheLs,1125000,1125590,  80,EB,5100,10187765
27012381,3536,IrvCic,IrvBlu,1044000,1115390,  80,EB,3600,10187765
27012382,3536,IrvCic,IrvBlu,1125000,1125590,  80,EB,3300,10187765
27012383,3536,IrvCic,IrvBlu,1152000,1187990,  80,EB,3000,10187765
27022228,3536,IrvBwy,IrvAsh,792000,828590,  80,WB,3900,10187765
27022229,3536,IrvBwy,IrvAsh,864000,881990,  80,WB,3600,10187765
27008788,3536,IrvHar,IrvCen,1044000,1079990,  80,EB,6600,10187765
27008790,3536,IrvHar,IrvCen,999000,999590,  80,EB,8700,10187765
27008791,3536,IrvHar,IrvCen,1017000,1017590,  80,EB,7500,10187765
27008792,3536,IrvHar,IrvCen,1080000,1115390,  80,EB,7200,10187765
27008793,3536,IrvHar,IrvCen,1125000,1125590,  80,EB,7200,10187765
27016491,3536,IrvBlu,IrvKim,573600,629990,  80,EB,2700,10187765
27016494,3536,IrvAsh,SheLs,1152000,1187990,  80,EB,5400,10187765
27016495,3536,IrvAsh,SheLs,1222200,1258190,  80,EB,5400,10187765
27016496,3536,IrvBlu,IrvKim,540000,573590,  80,EB,2400,10187765
27016497,3536,IrvBlu,IrvKim,630000,673790,  80,EB,3000,10187765
27018525,3536,IrvKim,IrvBlu,657000,657590,  80,WB,3300,10187765
27022390,3536,IrvWes,IrvAsh,756000,791990,  80,EB,3600,10187765
27022392,3536,IrvWes,IrvAsh,846000,987590,  80,EB,3900,10187765
27022393,3536,IrvWes,IrvAsh,729000,729590,  80,EB,3300,10187765
27022394,3536,IrvWes,IrvAsh,792000,827390,  80,EB,3900,10187765
27022395,3536,IrvWes,IrvAsh,999000,999590,  80,EB,3900,10187765
27022422,3536,IrvCen,IrvCic,756000,827390,  80,EB,3900,10187765
27022423,3536,IrvCen,IrvCic,693000,693590,  80,EB,3000,10187765
27022424,3536,IrvCen,IrvCic,711000,711590,  80,EB,3600,10187765
27008889,3536,IrvBwy,IrvAsh,684000,719990,  80,WB,3300,10187765
27008890,3536,IrvBwy,IrvAsh,621000,621590,  80,WB,2700,10187765
27008891,3536,IrvBwy,IrvAsh,639000,639590,  80,WB,3000,10187765
27008892,3536,IrvBwy,IrvAsh,657000,657590,  80,WB,2700,10187765
27008893,3536,IrvBwy,IrvAsh,720000,761390,  80,WB,3600,10187765
27008894,3536,IrvKim,IrvBlu,864000,881990,  80,WB,5700,10187765
27008895,3536,IrvKim,IrvBlu,882000,953990,  80,WB,5400,10187765
27008896,3536,IrvKim,IrvBlu,954000,1007390,  80,WB,5100,10187765
27008897,3536,IrvKim,IrvBlu,1017000,1017590,  80,WB,4800,10187765
27008898,3536,IrvKim,IrvBlu,1044000,1081790,  80,WB,5100,10187765
27008899,3536,IrvKim,IrvBlu,1098000,1151990,  80,WB,3900,10187765
27008900,3536,IrvKim,IrvBlu,1152000,1295990,  80,WB,3600,10187765
27008901,3536,IrvKim,IrvBlu,1296000,1403990,  80,WB,2700,10187765
27008902,3536,IrvWes,IrvKim,540000,607190,  80,WB,3300,10187765
27008903,3536,IrvWes,IrvKim,621000,621590,  80,WB,3300,10187765
27008904,3536,IrvWes,IrvKim,639000,639590,  80,WB,3300,10187765
27016598,3536,IrvCic,IrvBlu,1222200,1403990,  80,EB,3000,10187765
27016599,3536,IrvCum,IrvHar,540000,629990,  80,EB,3600,10187765
27016600,3536,IrvCum,IrvHar,630000,673790,  80,EB,3300,10187765
27016601,3536,IrvCum,IrvHar,693000,693590,  80,EB,3300,10187765
27018526,3536,IrvKim,IrvBlu,621000,621590,  80,WB,3000,10187765
27018527,3536,IrvKim,IrvBlu,639000,639590,  80,WB,3000,10187765
27018528,3536,IrvKim,IrvBlu,684000,719990,  80,WB,3600,10187765
27018529,3536,IrvKim,IrvBlu,720000,761390,  80,WB,3900,10187765
27018530,3536,IrvKim,IrvBlu,792000,828590,  80,WB,4800,10187765
27018531,3536,IrvAsh,IrvWes,1098000,1151990,  80,WB,3900,10187765
27018532,3536,IrvAsh,IrvWes,1152000,1295990,  80,WB,3600,10187765
27018533,3536,IrvAsh,IrvWes,1296000,1403990,  80,WB,3300,10187765
27018534,3536,IrvBlu,IrvCic,540000,557990,  80,WB,2100,10187765
27018535,3536,IrvBlu,IrvCic,558000,607190,  80,WB,2400,10187765
27018536,3536,IrvBlu,IrvCic,621000,621590,  80,WB,2400,10187765
27018537,3536,IrvBlu,IrvCic,639000,639590,  80,WB,2700,10187765
27018538,3536,IrvBlu,IrvCic,657000,657590,  80,WB,2100,10187765
27018539,3536,IrvBlu,IrvCic,684000,719990,  80,WB,2700,10187765
27018540,3536,IrvBlu,IrvCic,720000,761390,  80,WB,3000,10187765
27018541,3536,IrvBlu,IrvCic,792000,828590,  80,WB,3600,10187765
27018542,3536,IrvBlu,IrvCic,864000,881990,  80,WB,3300,10187765
27018543,3536,IrvBlu,IrvCic,882000,953990,  80,WB,3600,10187765
27018544,3536,IrvBlu,IrvCic,954000,1007390,  80,WB,3900,10187765
27018545,3536,IrvBlu,IrvCic,1017000,1017590,  80,WB,3600,10187765
27018546,3536,IrvBlu,IrvCic,1044000,1081790,  80,WB,3300,10187765
27018547,3536,IrvBlu,IrvCic,1098000,1187990,  80,WB,3000,10187765
27018548,3536,IrvBlu,IrvCic,1188000,1295990,  80,WB,2700,10187765
27018549,3536,IrvBlu,IrvCic,1296000,1403990,  80,WB,2400,10187765
27018550,3536,IrvBwy,IrvAsh,540000,607190,  80,WB,2700,10187765
27020567,3536,IrvBlu,IrvKim,693000,693590,  80,EB,3000,10187765
27020568,3536,IrvBlu,IrvKim,711000,711590,  80,EB,3300,10187765
27020569,3536,IrvBlu,IrvKim,729000,729590,  80,EB,3900,10187765
27020570,3536,IrvBlu,IrvKim,756000,791990,  80,EB,4200,10187765
27020571,3536,IrvBlu,IrvKim,792000,827390,  80,EB,4500,10187765
27020572,3536,IrvBlu,IrvKim,846000,987590,  80,EB,4200,10187765
27020573,3536,IrvBlu,IrvKim,999000,999590,  80,EB,4200,10187765
27023870,3536,IrvWes,IrvAsh,1017000,1017590,  80,EB,3600,10187765
27023871,3536,IrvWes,IrvAsh,1044000,1115390,  80,EB,3600,10187765
27023872,3536,IrvWes,IrvAsh,1125000,1125590,  80,EB,3300,10187765
27023873,3536,IrvWes,IrvAsh,1152000,1187990,  80,EB,3000,10187765
27023874,3536,IrvWes,IrvAsh,1222200,1258190,  80,EB,3000,10187765
27023875,3536,IrvWes,IrvAsh,1258200,1403990,  80,EB,3300,10187765
27023876,3536,SheLs,IrvBwy,540000,573590,  80,EB,900,10187765
27023877,3536,SheLs,IrvBwy,573600,629990,  80,EB,1500,10187765
27023878,3536,SheLs,IrvBwy,630000,673790,  80,EB,1800,10187765
27023879,3536,SheLs,IrvBwy,693000,693590,  80,EB,1500,10187765
27038056,3537,IrvCen,IrvCic,1044000,1081790,  80,EB,3600,10187775
27038057,3537,IrvCen,IrvCic,1098000,1133990,  80,EB,3300,10187775
27038058,3537,IrvCen,IrvCic,1134000,1155590,  80,EB,3000,10187775
27040038,3537,IrvWes,IrvKim,900000,956390,  80,WB,4500,10187775
27040039,3537,IrvWes,IrvKim,783000,783590,  80,WB,3600,10187775
27040040,3537,IrvWes,IrvKim,810000,850190,  80,WB,3900,10187775
27040041,3537,IrvWes,IrvKim,864000,899990,  80,WB,4200,10187775
27040042,3537,IrvWes,IrvKim,981000,981590,  80,WB,4500,10187775
27040043,3537,IrvWes,IrvKim,999000,999590,  80,WB,4200,10187775
27040044,3537,IrvWes,IrvKim,1017000,1017590,  80,WB,4500,10187775
27040045,3537,IrvWes,IrvKim,1044000,1085390,  80,WB,4200,10187775
27040046,3537,IrvWes,IrvKim,1116000,1236590,  80,WB,3600,10187775
27040047,3537,IrvWes,IrvKim,1260000,1292390,  80,WB,3600,10187775
27040048,3537,IrvWes,IrvKim,1314000,1403990,  80,WB,3300,10187775
27046250,3537,IrvCen,IrvHar,720000,764390,  80,WB,5700,10187775
27029974,3537,IrvCic,IrvBlu,864000,1026590,  80,EB,3300,10187775
27029975,3537,IrvCic,IrvBlu,664200,725390,  80,EB,3000,10187775
27029976,3537,IrvCic,IrvBlu,747000,747590,  80,EB,3000,10187775
27029977,3537,IrvCic,IrvBlu,774000,830390,  80,EB,3000,10187775
27029978,3537,IrvCic,IrvBlu,1044000,1081790,  80,EB,3300,10187775
27029979,3537,IrvCic,IrvBlu,1098000,1133990,  80,EB,2700,10187775
27029980,3537,IrvCic,IrvBlu,1134000,1155590,  80,EB,3000,10187775
27029981,3537,IrvCic,IrvBlu,1170000,1403990,  80,EB,3000,10187775
27029982,3537,IrvCum,IrvHar,540000,725390,  80,EB,3600,10187775
27029983,3537,IrvCum,IrvHar,747000,747590,  80,EB,3600,10187775
27029984,3537,IrvCum,IrvHar,774000,830390,  80,EB,3600,10187775
27029985,3537,IrvCum,IrvHar,864000,917990,  80,EB,3600,10187775
27029986,3537,IrvCum,IrvHar,918000,953990,  80,EB,3900,10187775
27034086,3537,IrvBlu,IrvCic,783000,783590,  80,WB,3300,10187775
27034087,3537,IrvBlu,IrvCic,810000,850190,  80,WB,3000,10187775
27034088,3537,IrvBlu,IrvCic,864000,956390,  80,WB,3000,10187775
27034104,3537,IrvAsh,IrvWes,1017000,1017590,  80,WB,3900,10187775
27034105,3537,IrvAsh,IrvWes,918000,956390,  80,WB,3600,10187775
27034106,3537,IrvAsh,IrvWes,981000,981590,  80,WB,3900,10187775
27034107,3537,IrvAsh,IrvWes,999000,999590,  80,WB,3900,10187775
27034108,3537,IrvAsh,IrvWes,1044000,1085390,  80,WB,3900,10187775
27034109,3537,IrvAsh,IrvWes,1116000,1151990,  80,WB,3600,10187775
27032063,3537,IrvBlu,IrvCic,999000,999590,  80,WB,3000,10187775
27032066,3537,IrvBlu,IrvCic,981000,981590,  80,WB,3000,10187775
27032067,3537,IrvBlu,IrvCic,1017000,1017590,  80,WB,2700,10187775
27032068,3537,IrvBlu,IrvCic,1044000,1085390,  80,WB,3000,10187775
27044435,3537,IrvBwy,IrvAsh,540000,644990,  80,WB,2700,10187775
27044436,3537,IrvBwy,IrvAsh,666000,697790,  80,WB,3000,10187775
27044437,3537,IrvBwy,IrvAsh,720000,764390,  80,WB,3300,10187775
27044438,3537,IrvBwy,IrvAsh,783000,783590,  80,WB,3600,10187775
27044439,3537,IrvBwy,IrvAsh,810000,850190,  80,WB,3600,10187775
27030269,3537,IrvKim,IrvBlu,1116000,1151990,  80,WB,3900,10187775
27038449,3537,IrvCen,IrvCic,1170000,1403990,  80,EB,3000,10187775
27038450,3537,IrvCic,IrvBlu,540000,664190,  80,EB,2700,10187775
27038484,3537,IrvHar,IrvCum,1116000,1236590,  80,WB,3900,10187775
27038485,3537,IrvHar,IrvCum,1260000,1292390,  80,WB,3900,10187775
27038486,3537,IrvHar,IrvCum,1314000,1403990,  80,WB,3900,10187775
27038487,3537,IrvKim,IrvBlu,540000,644990,  80,WB,3000,10187775
27038488,3537,IrvKim,IrvBlu,666000,697790,  80,WB,3300,10187775
27038489,3537,IrvKim,IrvBlu,720000,764390,  80,WB,3300,10187775
27038490,3537,IrvKim,IrvBlu,783000,783590,  80,WB,3600,10187775
27040490,3537,IrvAsh,SheLs,1098000,1155590,  80,EB,4800,10187775
27040491,3537,IrvAsh,SheLs,1170000,1403990,  80,EB,4500,10187775
27040492,3537,IrvBlu,IrvKim,540000,725390,  80,EB,3000,10187775
27040493,3537,IrvBlu,IrvKim,747000,747590,  80,EB,3600,10187775
27040494,3537,IrvBlu,IrvKim,774000,830390,  80,EB,3900,10187775
27040495,3537,IrvBlu,IrvKim,864000,917990,  80,EB,4500,10187775
27040496,3537,IrvBlu,IrvKim,918000,953990,  80,EB,4200,10187775
27040497,3537,IrvBlu,IrvKim,954000,1026590,  80,EB,3900,10187775
27040498,3537,IrvBlu,IrvKim,1044000,1081790,  80,EB,3900,10187775
27040499,3537,IrvCen,IrvCic,664200,725390,  80,EB,3300,10187775
27040500,3537,IrvBlu,IrvKim,1098000,1155590,  80,EB,3300,10187775
27040501,3537,IrvBlu,IrvKim,1170000,1403990,  80,EB,3300,10187775
27040502,3537,IrvCen,IrvCic,540000,664190,  80,EB,2700,10187775
27040503,3537,IrvCen,IrvCic,747000,747590,  80,EB,3300,10187775
27040504,3537,IrvCen,IrvCic,774000,830390,  80,EB,3900,10187775
27040505,3537,IrvCen,IrvCic,864000,953990,  80,EB,3900,10187775
27040506,3537,IrvCen,IrvCic,954000,1026590,  80,EB,3600,10187775
27040520,3537,IrvKim,IrvWes,664200,725390,  80,EB,3900,10187775
27040521,3537,IrvHar,IrvCen,1134000,1155590,  80,EB,7200,10187775
27040522,3537,IrvHar,IrvCen,1170000,1403990,  80,EB,5100,10187775
27030270,3537,IrvKim,IrvBlu,1152000,1236590,  80,WB,3300,10187775
27030271,3537,IrvKim,IrvBlu,1260000,1292390,  80,WB,3000,10187775
27030272,3537,IrvKim,IrvBlu,1314000,1403990,  80,WB,2400,10187775
27030273,3537,IrvWes,IrvKim,540000,644990,  80,WB,3300,10187775
27030274,3537,IrvWes,IrvKim,666000,697790,  80,WB,3300,10187775
27030275,3537,IrvWes,IrvKim,720000,764390,  80,WB,3600,10187775
27036499,3537,IrvCic,IrvCen,999000,999590,  80,WB,3300,10187775
27036500,3537,IrvCic,IrvCen,864000,899990,  80,WB,3900,10187775
27036501,3537,IrvCic,IrvCen,900000,956390,  80,WB,3300,10187775
27036502,3537,IrvCic,IrvCen,981000,981590,  80,WB,3600,10187775
27036503,3537,IrvCic,IrvCen,1017000,1017590,  80,WB,3600,10187775
27036504,3537,IrvCic,IrvCen,1044000,1085390,  80,WB,3300,10187775
27036505,3537,IrvCic,IrvCen,1116000,1236590,  80,WB,2700,10187775
27036506,3537,IrvCic,IrvCen,1260000,1292390,  80,WB,2700,10187775
27038491,3537,IrvKim,IrvBlu,810000,850190,  80,WB,4500,10187775
27038492,3537,IrvKim,IrvBlu,864000,899990,  80,WB,5100,10187775
27038493,3537,IrvKim,IrvBlu,900000,917990,  80,WB,5400,10187775
27038494,3537,IrvKim,IrvBlu,918000,956390,  80,WB,4800,10187775
27038495,3537,IrvKim,IrvBlu,981000,981590,  80,WB,4500,10187775
27038496,3537,IrvKim,IrvBlu,999000,999590,  80,WB,4800,10187775
27032552,3537,IrvAsh,SheLs,918000,1026590,  80,EB,5400,10187775
27032554,3537,IrvAsh,SheLs,1044000,1081790,  80,EB,5400,10187775
27032616,3537,IrvBwy,IrvAsh,1260000,1292390,  80,WB,2400,10187775
27032617,3537,IrvBwy,IrvAsh,1314000,1403990,  80,WB,2700,10187775
27032618,3537,IrvCen,IrvHar,540000,644990,  80,WB,4800,10187775
27032619,3537,IrvCen,IrvHar,666000,697790,  80,WB,4500,10187775
27032809,3537,IrvBlu,IrvCic,720000,764390,  80,WB,3000,10187775
27032810,3537,IrvBlu,IrvCic,1314000,1403990,  80,WB,2100,10187775
27032811,3537,IrvBlu,IrvCic,540000,644990,  80,WB,2100,10187775
27032812,3537,IrvBlu,IrvCic,666000,697790,  80,WB,2400,10187775
27046615,3537,IrvAsh,IrvWes,1152000,1236590,  80,WB,3000,10187775
27046616,3537,IrvAsh,IrvWes,1260000,1292390,  80,WB,3000,10187775
27046617,3537,IrvAsh,IrvWes,1314000,1403990,  80,WB,2700,10187775
27046618,3537,IrvBlu,IrvCic,1116000,1151990,  80,WB,2700,10187775
27039017,3537,IrvAsh,SheLs,540000,725390,  80,EB,4500,10187775
27039018,3537,IrvAsh,SheLs,747000,747590,  80,EB,4800,10187775
27043084,3537,IrvAsh,IrvWes,666000,697790,  80,WB,3000,10187775
27043085,3537,IrvAsh,IrvWes,720000,764390,  80,WB,3300,10187775
27043086,3537,IrvAsh,IrvWes,783000,783590,  80,WB,3900,10187775
27043087,3537,IrvAsh,IrvWes,810000,850190,  80,WB,3900,10187775
27043088,3537,IrvAsh,IrvWes,864000,917990,  80,WB,3900,10187775
27031008,3537,IrvCum,IrvHar,954000,1026590,  80,EB,3600,10187775
27031009,3537,IrvCum,IrvHar,1044000,1081790,  80,EB,3900,10187775
27031010,3537,IrvCum,IrvHar,1098000,1155590,  80,EB,3600,10187775
27031011,3537,IrvCum,IrvHar,1170000,1403990,  80,EB,3600,10187775
27031012,3537,IrvHar,IrvCen,540000,664190,  80,EB,5400,10187775
27031013,3537,IrvHar,IrvCen,664200,725390,  80,EB,5100,10187775
27031014,3537,IrvHar,IrvCen,747000,747590,  80,EB,6000,10187775
27035138,3537,IrvCen,IrvHar,900000,917990,  80,WB,8700,10187775
27035139,3537,IrvCen,IrvHar,783000,783590,  80,WB,6000,10187775
27035140,3537,IrvCen,IrvHar,810000,850190,  80,WB,6600,10187775
27035141,3537,IrvCen,IrvHar,864000,899990,  80,WB,7500,10187775
27035142,3537,IrvCen,IrvHar,918000,956390,  80,WB,7800,10187775
27035143,3537,IrvCen,IrvHar,981000,981590,  80,WB,7200,10187775
27035144,3537,IrvCen,IrvHar,999000,999590,  80,WB,6900,10187775
27035145,3537,IrvCen,IrvHar,1017000,1017590,  80,WB,6600,10187775
27035146,3537,IrvCen,IrvHar,1044000,1085390,  80,WB,5700,10187775
27035147,3537,IrvCen,IrvHar,1116000,1236590,  80,WB,5400,10187775
27035148,3537,IrvCen,IrvHar,1260000,1292390,  80,WB,4800,10187775
27035149,3537,IrvCen,IrvHar,1314000,1403990,  80,WB,3900,10187775
27035150,3537,IrvCic,IrvCen,540000,644990,  80,WB,2700,10187775
27035151,3537,IrvCic,IrvCen,666000,697790,  80,WB,2700,10187775
27035152,3537,IrvCic,IrvCen,720000,764390,  80,WB,3300,10187775
27035153,3537,IrvCic,IrvCen,783000,783590,  80,WB,3000,10187775
27035154,3537,IrvCic,IrvCen,810000,850190,  80,WB,3300,10187775
27035161,3537,IrvKim,IrvWes,864000,953990,  80,EB,4500,10187775
27035162,3537,IrvKim,IrvWes,954000,1026590,  80,EB,4200,10187775
27035163,3537,IrvKim,IrvWes,1044000,1081790,  80,EB,4200,10187775
27035164,3537,IrvKim,IrvWes,1098000,1133990,  80,EB,4200,10187775
27035165,3537,IrvKim,IrvWes,1134000,1155590,  80,EB,3900,10187775
27035166,3537,IrvKim,IrvWes,1170000,1403990,  80,EB,3900,10187775
27035167,3537,IrvWes,IrvAsh,540000,664190,  80,EB,2700,10187775
27035168,3537,IrvWes,IrvAsh,664200,725390,  80,EB,3000,10187775
27035169,3537,IrvWes,IrvAsh,747000,747590,  80,EB,3300,10187775
27035170,3537,IrvWes,IrvAsh,774000,830390,  80,EB,3300,10187775
27035171,3537,IrvWes,IrvAsh,864000,881990,  80,EB,4200,10187775
27035172,3537,IrvWes,IrvAsh,882000,917990,  80,EB,3900,10187775
27035173,3537,IrvWes,IrvAsh,918000,953990,  80,EB,3600,10187775
27035174,3537,IrvWes,IrvAsh,954000,1026590,  80,EB,3300,10187775
27035175,3537,IrvWes,IrvAsh,1044000,1081790,  80,EB,3300,10187775
27035176,3537,IrvWes,IrvAsh,1098000,1155590,  80,EB,3000,10187775
27035177,3537,IrvWes,IrvAsh,1170000,1403990,  80,EB,3000,10187775
27035178,3537,SheLs,IrvBwy,540000,664190,  80,EB,1500,10187775
27035179,3537,SheLs,IrvBwy,664200,725390,  80,EB,1200,10187775
27035180,3537,SheLs,IrvBwy,747000,747590,  80,EB,1200,10187775
27035181,3537,SheLs,IrvBwy,774000,830390,  80,EB,1500,10187775
27035182,3537,SheLs,IrvBwy,864000,881990,  80,EB,1800,10187775
27035183,3537,SheLs,IrvBwy,882000,1026590,  80,EB,1500,10187775
27035184,3537,SheLs,IrvBwy,1044000,1081790,  80,EB,1500,10187775
27035185,3537,SheLs,IrvBwy,1098000,1155590,  80,EB,1500,10187775
27035186,3537,SheLs,IrvBwy,1170000,1403990,  80,EB,1500,10187775
27041219,3537,IrvHar,IrvCum,540000,644990,  80,WB,2700,10187775
27041222,3537,IrvHar,IrvCum,810000,850190,  80,WB,3600,10187775
27041223,3537,IrvHar,IrvCum,666000,697790,  80,WB,2700,10187775
27041224,3537,IrvHar,IrvCum,720000,764390,  80,WB,3000,10187775
27043256,3537,IrvBlu,IrvCic,1152000,1236590,  80,WB,2400,10187775
27043257,3537,IrvBlu,IrvCic,1260000,1292390,  80,WB,2400,10187775
27031075,3537,IrvBwy,IrvAsh,999000,999590,  80,WB,3900,10187775
27031076,3537,IrvBwy,IrvAsh,864000,899990,  80,WB,3600,10187775
27031077,3537,IrvBwy,IrvAsh,900000,956390,  80,WB,3900,10187775
27031078,3537,IrvBwy,IrvAsh,981000,981590,  80,WB,3900,10187775
27031079,3537,IrvBwy,IrvAsh,1017000,1017590,  80,WB,3900,10187775
27031226,3537,IrvCic,IrvCen,1314000,1403990,  80,WB,1800,10187775
27041602,3537,IrvHar,IrvCen,774000,830390,  80,EB,6000,10187775
27041603,3537,IrvHar,IrvCen,864000,881990,  80,EB,7500,10187775
27041604,3537,IrvHar,IrvCen,882000,917990,  80,EB,6900,10187775
27041605,3537,IrvHar,IrvCen,918000,953990,  80,EB,6600,10187775
27041606,3537,IrvHar,IrvCen,954000,1026590,  80,EB,7200,10187775
27041607,3537,IrvHar,IrvCen,1044000,1081790,  80,EB,6000,10187775
27041608,3537,IrvHar,IrvCen,1098000,1133990,  80,EB,6900,10187775
27031504,3537,IrvKim,IrvWes,540000,664190,  80,EB,4200,10187775
27031505,3537,IrvKim,IrvWes,747000,747590,  80,EB,3600,10187775
27031506,3537,IrvKim,IrvWes,774000,830390,  80,EB,4200,10187775
27035654,3537,IrvBwy,IrvAsh,1044000,1085390,  80,WB,3600,10187775
27035655,3537,IrvBwy,IrvAsh,1116000,1236590,  80,WB,3300,10187775
27041794,3537,IrvAsh,SheLs,774000,830390,  80,EB,5100,10187775
27041795,3537,IrvAsh,SheLs,864000,917990,  80,EB,5700,10187775
27043719,3537,IrvHar,IrvCum,783000,783590,  80,WB,3300,10187775
27045885,3537,IrvHar,IrvCum,981000,981590,  80,WB,3000,10187775
27045886,3537,IrvHar,IrvCum,864000,899990,  80,WB,3300,10187775
27045887,3537,IrvHar,IrvCum,900000,917990,  80,WB,3000,10187775
27045888,3537,IrvHar,IrvCum,918000,956390,  80,WB,3300,10187775
27045889,3537,IrvHar,IrvCum,999000,999590,  80,WB,3300,10187775
27045890,3537,IrvHar,IrvCum,1017000,1017590,  80,WB,2700,10187775
27045891,3537,IrvHar,IrvCum,1044000,1085390,  80,WB,3300,10187775
27041940,3537,IrvAsh,IrvWes,540000,644990,  80,WB,2400,10187775
27046044,3537,IrvKim,IrvBlu,1017000,1017590,  80,WB,4800,10187775
27046045,3537,IrvKim,IrvBlu,1044000,1085390,  80,WB,4200,10187775
26973873,3535,IrvCum,IrvHar,810000,862790,  80,EB,3900,10187266
26973874,3535,IrvCum,IrvHar,882000,934190,  80,EB,3900,10187266
26973875,3535,IrvCum,IrvHar,945000,945590,  80,EB,4200,10187266
26973876,3535,IrvCum,IrvHar,972000,1002590,  80,EB,4200,10187266
26979635,3535,IrvCum,IrvHar,1044000,1054190,  80,EB,4800,10187266
26995989,3535,IrvCic,IrvCen,711000,711590,  80,WB,3600,10187266
26995990,3535,IrvCic,IrvCen,738000,755990,  80,WB,3300,10187266
26995991,3535,IrvCic,IrvCen,756000,773990,  80,WB,3600,10187266
26995992,3535,IrvCic,IrvCen,774000,827990,  80,WB,3900,10187266
26998039,3535,IrvBlu,IrvKim,1206000,1241990,  80,EB,3600,10187266
26998042,3535,IrvBlu,IrvKim,1179000,1179590,  80,EB,3600,10187266
26998043,3535,IrvBlu,IrvKim,1242000,1403990,  80,EB,3300,10187266
26998044,3535,IrvBlu,IrvKim,540000,620990,  80,EB,2700,10187266
26998045,3535,IrvBlu,IrvKim,639000,639590,  80,EB,3300,10187266
26998046,3535,IrvBlu,IrvKim,657000,657590,  80,EB,3600,10187266
26971927,3535,IrvAsh,IrvWes,1152000,1169990,  80,WB,3600,10187266
26971928,3535,IrvAsh,IrvWes,1170000,1187990,  80,WB,3900,10187266
26971929,3535,IrvAsh,IrvWes,1188000,1205990,  80,WB,3600,10187266
26975932,3535,IrvWes,IrvAsh,729000,729590,  80,EB,4200,10187266
26975933,3535,IrvWes,IrvAsh,747000,747590,  80,EB,4200,10187266
26998108,3535,IrvHar,IrvCum,1107000,1107590,  80,WB,3600,10187266
26998109,3535,IrvHar,IrvCum,1125000,1125590,  80,WB,3600,10187266
27000208,3535,IrvAsh,IrvWes,1206000,1223990,  80,WB,3900,10187266
27000209,3535,IrvAsh,IrvWes,1224000,1250390,  80,WB,3600,10187266
27000210,3535,IrvAsh,IrvWes,1260000,1313990,  80,WB,3300,10187266
27000211,3535,IrvAsh,IrvWes,1314000,1403990,  80,WB,3600,10187266
27000212,3535,IrvBlu,IrvCic,540000,622790,  80,WB,2700,10187266
27000213,3535,IrvBlu,IrvCic,639000,639590,  80,WB,2700,10187266
27000214,3535,IrvBlu,IrvCic,666000,687590,  80,WB,3300,10187266
27000215,3535,IrvBlu,IrvCic,711000,711590,  80,WB,2700,10187266
27000216,3535,IrvBlu,IrvCic,738000,773990,  80,WB,3000,10187266
27000217,3535,IrvBlu,IrvCic,774000,848990,  80,WB,3300,10187266
27000218,3535,IrvBlu,IrvCic,873000,873590,  80,WB,3600,10187266
27000219,3535,IrvBlu,IrvCic,891000,891590,  80,WB,3600,10187266
27000220,3535,IrvBlu,IrvCic,909000,909590,  80,WB,3600,10187266
27000221,3535,IrvBlu,IrvCic,927000,927590,  80,WB,3900,10187266
27000222,3535,IrvBlu,IrvCic,945000,945590,  80,WB,3900,10187266
27000223,3535,IrvBlu,IrvCic,972000,989990,  80,WB,4500,10187266
27000224,3535,IrvBlu,IrvCic,990000,1040390,  80,WB,4800,10187266
26994155,3535,IrvWes,IrvAsh,1107000,1107590,  80,EB,3600,10187266
26994156,3535,IrvWes,IrvAsh,1125000,1125590,  80,EB,3900,10187266
26994157,3535,IrvWes,IrvAsh,1143000,1143590,  80,EB,3300,10187266
26994158,3535,IrvWes,IrvAsh,1161000,1161590,  80,EB,3900,10187266
26994159,3535,IrvWes,IrvAsh,1179000,1179590,  80,EB,3300,10187266
26994160,3535,IrvWes,IrvAsh,1206000,1223990,  80,EB,3000,10187266
26994161,3535,IrvWes,IrvAsh,1224000,1277990,  80,EB,3300,10187266
26994162,3535,IrvWes,IrvAsh,1278000,1403990,  80,EB,3000,10187266
26974220,3535,IrvHar,IrvCum,540000,622790,  80,WB,3000,10187266
26974221,3535,IrvHar,IrvCum,639000,639590,  80,WB,3300,10187266
26974222,3535,IrvHar,IrvCum,666000,687590,  80,WB,4200,10187266
26974223,3535,IrvHar,IrvCum,711000,711590,  80,WB,3300,10187266
26974224,3535,IrvHar,IrvCum,738000,755990,  80,WB,3300,10187266
26974225,3535,IrvHar,IrvCum,756000,773990,  80,WB,3000,10187266
26974226,3535,IrvHar,IrvCum,774000,809990,  80,WB,3600,10187266
26974227,3535,IrvHar,IrvCum,810000,827990,  80,WB,3300,10187266
26974228,3535,IrvHar,IrvCum,828000,848990,  80,WB,3900,10187266
26974229,3535,IrvHar,IrvCum,873000,873590,  80,WB,3600,10187266
26974230,3535,IrvHar,IrvCum,891000,891590,  80,WB,3600,10187266
26974231,3535,IrvHar,IrvCum,909000,909590,  80,WB,3900,10187266
26976263,3535,IrvCen,IrvHar,666000,687590,  80,WB,6300,10187266
26976264,3535,IrvCen,IrvHar,711000,711590,  80,WB,6000,10187266
26976265,3535,IrvCen,IrvHar,756000,773990,  80,WB,5700,10187266
26976266,3535,IrvCen,IrvHar,774000,809990,  80,WB,6300,10187266
26976267,3535,IrvCen,IrvHar,810000,848990,  80,WB,6900,10187266
26976268,3535,IrvCen,IrvHar,873000,873590,  80,WB,6900,10187266
26976269,3535,IrvCen,IrvHar,891000,891590,  80,WB,7200,10187266
26994239,3535,IrvAsh,SheLs,540000,620990,  80,EB,3600,10187266
26994240,3535,IrvAsh,SheLs,639000,639590,  80,EB,5100,10187266
27004435,3535,IrvKim,IrvWes,945000,945590,  80,EB,5100,10187266
27004436,3535,IrvKim,IrvWes,972000,1002590,  80,EB,5400,10187266
27004437,3535,IrvKim,IrvWes,1017000,1017590,  80,EB,5400,10187266
27004438,3535,IrvKim,IrvWes,1044000,1054190,  80,EB,5700,10187266
27004439,3535,IrvKim,IrvWes,1071000,1071590,  80,EB,5100,10187266
27004440,3535,IrvKim,IrvWes,1089000,1089590,  80,EB,5100,10187266
27004441,3535,IrvKim,IrvWes,1107000,1107590,  80,EB,5100,10187266
26974325,3535,IrvWes,IrvKim,1107000,1107590,  80,WB,4200,10187266
26974326,3535,IrvWes,IrvKim,1125000,1125590,  80,WB,4200,10187266
26988254,3535,IrvBwy,IrvAsh,945000,945590,  80,WB,3900,10187266
26988255,3535,IrvBwy,IrvAsh,972000,989990,  80,WB,3900,10187266
26988256,3535,IrvBwy,IrvAsh,990000,1040390,  80,WB,3600,10187266
26988257,3535,IrvBwy,IrvAsh,1053000,1053590,  80,WB,4200,10187266
26988258,3535,IrvBwy,IrvAsh,1071000,1071590,  80,WB,4200,10187266
26988259,3535,IrvBwy,IrvAsh,1089000,1089590,  80,WB,4200,10187266
26988260,3535,IrvBwy,IrvAsh,1107000,1107590,  80,WB,3900,10187266
26988261,3535,IrvBwy,IrvAsh,1125000,1125590,  80,WB,3900,10187266
26988262,3535,IrvBwy,IrvAsh,1152000,1169990,  80,WB,3600,10187266
26994407,3535,IrvWes,IrvKim,891000,891590,  80,WB,4200,10187266
26994442,3535,IrvCic,IrvCen,1260000,1313990,  80,WB,3000,10187266
26998538,3535,IrvCic,IrvCen,909000,909590,  80,WB,3900,10187266
26998539,3535,IrvCic,IrvCen,828000,848990,  80,WB,4200,10187266
26998540,3535,IrvCic,IrvCen,873000,873590,  80,WB,3900,10187266
26998541,3535,IrvCic,IrvCen,891000,891590,  80,WB,4500,10187266
26998542,3535,IrvCic,IrvCen,927000,927590,  80,WB,4200,10187266
26998543,3535,IrvCic,IrvCen,945000,945590,  80,WB,4200,10187266
26998544,3535,IrvCic,IrvCen,972000,989990,  80,WB,3900,10187266
26998545,3535,IrvCic,IrvCen,990000,1040390,  80,WB,4500,10187266
26998546,3535,IrvCic,IrvCen,1053000,1053590,  80,WB,4200,10187266
26998547,3535,IrvCic,IrvCen,1071000,1071590,  80,WB,4200,10187266
26998548,3535,IrvCic,IrvCen,1089000,1089590,  80,WB,3900,10187266
26998549,3535,IrvCic,IrvCen,1107000,1107590,  80,WB,3900,10187266
26998550,3535,IrvCic,IrvCen,1125000,1125590,  80,WB,3600,10187266
26998551,3535,IrvCic,IrvCen,1152000,1187990,  80,WB,3600,10187266
27000508,3535,SheLs,IrvBwy,1107000,1107590,  80,EB,1500,10187266
27000509,3535,SheLs,IrvBwy,1125000,1125590,  80,EB,1500,10187266
27000510,3535,SheLs,IrvBwy,1143000,1143590,  80,EB,1800,10187266
26970431,3535,IrvCum,IrvHar,1071000,1071590,  80,EB,4800,10187266
26978304,3535,IrvCen,IrvHar,909000,909590,  80,WB,7500,10187266
26978305,3535,IrvCen,IrvHar,927000,927590,  80,WB,7500,10187266
26978306,3535,IrvCen,IrvHar,945000,945590,  80,WB,7500,10187266
26978307,3535,IrvCen,IrvHar,972000,989990,  80,WB,6900,10187266
26978308,3535,IrvCen,IrvHar,990000,1040390,  80,WB,6600,10187266
26978309,3535,IrvCen,IrvHar,1053000,1053590,  80,WB,6000,10187266
26978310,3535,IrvCen,IrvHar,1071000,1071590,  80,WB,6000,10187266
26978311,3535,IrvCen,IrvHar,1089000,1089590,  80,WB,6000,10187266
26980255,3535,SheLs,IrvBwy,810000,862790,  80,EB,1500,10187266
26980259,3535,SheLs,IrvBwy,882000,934190,  80,EB,1500,10187266
26980260,3535,SheLs,IrvBwy,945000,945590,  80,EB,1500,10187266
26980261,3535,SheLs,IrvBwy,972000,1002590,  80,EB,1800,10187266
26980262,3535,SheLs,IrvBwy,1017000,1017590,  80,EB,1800,10187266
26980263,3535,SheLs,IrvBwy,1044000,1054190,  80,EB,1800,10187266
26980264,3535,SheLs,IrvBwy,1071000,1071590,  80,EB,1800,10187266
26980265,3535,SheLs,IrvBwy,1089000,1089590,  80,EB,1500,10187266
27006737,3535,IrvBlu,IrvKim,711000,711590,  80,EB,4500,10187266
27006738,3535,IrvBlu,IrvKim,684000,694190,  80,EB,4200,10187266
27006739,3535,IrvBlu,IrvKim,729000,729590,  80,EB,4200,10187266
27006740,3535,IrvBlu,IrvKim,747000,747590,  80,EB,4200,10187266
27006741,3535,IrvBlu,IrvKim,774000,791990,  80,EB,4200,10187266
27006742,3535,IrvBlu,IrvKim,810000,862790,  80,EB,4200,10187266
27006743,3535,IrvBlu,IrvKim,882000,934190,  80,EB,3900,10187266
27006744,3535,IrvCen,IrvCic,540000,620990,  80,EB,3000,10187266
27006745,3535,IrvCen,IrvCic,639000,639590,  80,EB,3600,10187266
27006746,3535,IrvCen,IrvCic,657000,657590,  80,EB,4500,10187266
27006747,3535,IrvCen,IrvCic,684000,694190,  80,EB,5100,10187266
26970638,3535,IrvCum,IrvHar,1089000,1089590,  80,EB,4500,10187266
26970639,3535,IrvCum,IrvHar,1107000,1107590,  80,EB,4200,10187266
26970640,3535,IrvCum,IrvHar,1125000,1125590,  80,EB,3900,10187266
26976640,3535,IrvWes,IrvAsh,1071000,1071590,  80,EB,4200,10187266
26976641,3535,IrvWes,IrvAsh,1089000,1089590,  80,EB,3900,10187266
26986595,3535,IrvBwy,IrvAsh,666000,687590,  80,WB,3300,10187266
26986596,3535,IrvBwy,IrvAsh,711000,711590,  80,WB,3900,10187266
26986597,3535,IrvBwy,IrvAsh,873000,873590,  80,WB,3900,10187266
26986598,3535,IrvBwy,IrvAsh,738000,809990,  80,WB,3600,10187266
26986599,3535,IrvBwy,IrvAsh,810000,827990,  80,WB,3900,10187266
26986600,3535,IrvBwy,IrvAsh,828000,848990,  80,WB,3600,10187266
26986601,3535,IrvBwy,IrvAsh,891000,891590,  80,WB,3900,10187266
26976709,3535,IrvKim,IrvBlu,639000,639590,  80,WB,3600,10187266
26976710,3535,IrvHar,IrvCum,1260000,1403990,  80,WB,3900,10187266
26976711,3535,IrvKim,IrvBlu,540000,622790,  80,WB,3300,10187266
26976712,3535,IrvKim,IrvBlu,666000,687590,  80,WB,4500,10187266
26976744,3535,IrvCen,IrvHar,738000,755990,  80,WB,6000,10187266
26982604,3535,IrvBwy,IrvAsh,1170000,1187990,  80,WB,3300,10187266
26982605,3535,IrvBwy,IrvAsh,1188000,1205990,  80,WB,3600,10187266
26982606,3535,IrvBwy,IrvAsh,1206000,1223990,  80,WB,3300,10187266
26982607,3535,IrvBwy,IrvAsh,1224000,1250390,  80,WB,3600,10187266
26986602,3535,IrvBwy,IrvAsh,909000,909590,  80,WB,3900,10187266
26986603,3535,IrvBwy,IrvAsh,927000,927590,  80,WB,3900,10187266
26988688,3535,IrvWes,IrvKim,1152000,1250390,  80,WB,3900,10187266
26988689,3535,IrvWes,IrvKim,1260000,1313990,  80,WB,3900,10187266
26988690,3535,IrvWes,IrvKim,1314000,1403990,  80,WB,4200,10187266
26994856,3535,IrvKim,IrvBlu,828000,848990,  80,WB,4200,10187266
26994857,3535,IrvKim,IrvBlu,738000,755990,  80,WB,3900,10187266
26994858,3535,IrvKim,IrvBlu,774000,809990,  80,WB,3900,10187266
26994859,3535,IrvKim,IrvBlu,810000,827990,  80,WB,4500,10187266
26994860,3535,IrvKim,IrvBlu,873000,873590,  80,WB,4500,10187266
26994861,3535,IrvKim,IrvBlu,891000,891590,  80,WB,4200,10187266
26994862,3535,IrvKim,IrvBlu,909000,909590,  80,WB,4500,10187266
26994863,3535,IrvKim,IrvBlu,927000,927590,  80,WB,4200,10187266
26994864,3535,IrvKim,IrvBlu,945000,945590,  80,WB,4800,10187266
26994865,3535,IrvKim,IrvBlu,972000,989990,  80,WB,5400,10187266
26994866,3535,IrvKim,IrvBlu,990000,1040390,  80,WB,5700,10187266
26994867,3535,IrvKim,IrvBlu,1107000,1107590,  80,WB,4200,10187266
26994868,3535,IrvKim,IrvBlu,1053000,1053590,  80,WB,5100,10187266
26994869,3535,IrvKim,IrvBlu,1071000,1071590,  80,WB,5100,10187266
26994870,3535,IrvKim,IrvBlu,1089000,1089590,  80,WB,4800,10187266
26994871,3535,IrvKim,IrvBlu,1125000,1125590,  80,WB,4200,10187266
27007053,3535,IrvAsh,IrvWes,927000,927590,  80,WB,4200,10187266
27007054,3535,IrvAsh,IrvWes,945000,945590,  80,WB,4500,10187266
27007055,3535,IrvAsh,IrvWes,972000,989990,  80,WB,6000,10187266
27007056,3535,IrvAsh,IrvWes,990000,1040390,  80,WB,5700,10187266
27007057,3535,IrvAsh,IrvWes,1053000,1053590,  80,WB,6000,10187266
27007058,3535,IrvAsh,IrvWes,1071000,1071590,  80,WB,5700,10187266
27007059,3535,IrvAsh,IrvWes,1089000,1089590,  80,WB,5100,10187266
27007060,3535,IrvAsh,IrvWes,1107000,1107590,  80,WB,4500,10187266
27007061,3535,IrvAsh,IrvWes,1125000,1125590,  80,WB,3900,10187266
27007062,3535,SheLs,IrvBwy,1206000,1241990,  80,EB,1500,10187266
27007063,3535,SheLs,IrvBwy,1260000,1403990,  80,EB,1500,10187266
26982771,3535,IrvAsh,SheLs,711000,711590,  80,EB,6300,10187266
26982772,3535,IrvAsh,SheLs,729000,729590,  80,EB,5700,10187266
26982773,3535,IrvAsh,SheLs,747000,747590,  80,EB,5700,10187266
26982774,3535,IrvAsh,SheLs,774000,791990,  80,EB,5400,10187266
26982775,3535,IrvAsh,SheLs,810000,862790,  80,EB,5400,10187266
26982776,3535,IrvAsh,SheLs,882000,934190,  80,EB,5700,10187266
26982777,3535,IrvAsh,SheLs,945000,945590,  80,EB,5700,10187266
26984808,3535,IrvCic,IrvCen,1314000,1403990,  80,WB,2100,10187266
26984809,3535,IrvCic,IrvCen,1188000,1223990,  80,WB,3300,10187266
26984810,3535,IrvCic,IrvCen,1224000,1250390,  80,WB,3000,10187266
26988873,3535,IrvWes,IrvAsh,711000,711590,  80,EB,4500,10187266
26994872,3535,IrvKim,IrvBlu,1152000,1169990,  80,WB,4200,10187266
26994873,3535,IrvKim,IrvBlu,1170000,1205990,  80,WB,3900,10187266
26994874,3535,IrvKim,IrvBlu,1206000,1223990,  80,WB,4200,10187266
26994875,3535,IrvKim,IrvBlu,1224000,1250390,  80,WB,3900,10187266
26994876,3535,IrvKim,IrvBlu,1260000,1313990,  80,WB,3600,10187266
26994877,3535,IrvKim,IrvBlu,1314000,1403990,  80,WB,4200,10187266
26994878,3535,IrvWes,IrvKim,540000,622790,  80,WB,3600,10187266
26994879,3535,IrvWes,IrvKim,639000,639590,  80,WB,3600,10187266
26994880,3535,IrvWes,IrvKim,666000,687590,  80,WB,4200,10187266
26994881,3535,IrvWes,IrvKim,711000,711590,  80,WB,4200,10187266
26994882,3535,IrvWes,IrvKim,738000,755990,  80,WB,3600,10187266
26994883,3535,IrvWes,IrvKim,756000,773990,  80,WB,3900,10187266
26994884,3535,IrvWes,IrvKim,774000,827990,  80,WB,4200,10187266
26994885,3535,IrvWes,IrvKim,828000,848990,  80,WB,3900,10187266
26994886,3535,IrvWes,IrvKim,873000,873590,  80,WB,4200,10187266
26970907,3535,IrvAsh,SheLs,657000,657590,  80,EB,5100,10187266
26970908,3535,IrvAsh,SheLs,684000,694190,  80,EB,6900,10187266
26970973,3535,IrvAsh,SheLs,972000,1002590,  80,EB,5700,10187266
26970974,3535,IrvAsh,SheLs,1017000,1017590,  80,EB,6000,10187266
26970975,3535,IrvAsh,SheLs,1044000,1054190,  80,EB,6300,10187266
26970976,3535,IrvAsh,SheLs,1071000,1071590,  80,EB,5700,10187266
26970977,3535,IrvAsh,SheLs,1089000,1089590,  80,EB,5700,10187266
26970978,3535,IrvAsh,SheLs,1107000,1107590,  80,EB,5400,10187266
26970979,3535,IrvAsh,SheLs,1125000,1125590,  80,EB,5100,10187266
26970980,3535,IrvAsh,SheLs,1143000,1143590,  80,EB,5100,10187266
26970981,3535,IrvAsh,SheLs,1161000,1161590,  80,EB,4800,10187266
26978771,3535,IrvCen,IrvCic,1107000,1107590,  80,EB,4200,10187266
26978772,3535,IrvCen,IrvCic,1044000,1054190,  80,EB,4500,10187266
26978773,3535,IrvCen,IrvCic,1071000,1071590,  80,EB,4800,10187266
26978774,3535,IrvCen,IrvCic,1089000,1089590,  80,EB,4500,10187266
26978775,3535,IrvCen,IrvCic,1125000,1125590,  80,EB,3900,10187266
26978776,3535,IrvCen,IrvCic,1143000,1143590,  80,EB,4200,10187266
26978777,3535,IrvCen,IrvCic,1161000,1161590,  80,EB,3900,10187266
26978778,3535,IrvCen,IrvCic,1179000,1179590,  80,EB,3900,10187266
26978779,3535,IrvCen,IrvCic,1206000,1277990,  80,EB,3300,10187266
26978780,3535,IrvCen,IrvCic,1278000,1403990,  80,EB,3000,10187266
26978781,3535,IrvCic,IrvBlu,540000,620990,  80,EB,2700,10187266
26978782,3535,IrvCic,IrvBlu,639000,639590,  80,EB,2700,10187266
26978783,3535,IrvCic,IrvBlu,657000,657590,  80,EB,2700,10187266
26978784,3535,IrvCic,IrvBlu,684000,694190,  80,EB,4200,10187266
26978785,3535,IrvCic,IrvBlu,711000,711590,  80,EB,3900,10187266
26978786,3535,IrvCic,IrvBlu,729000,729590,  80,EB,3300,10187266
26978787,3535,IrvCic,IrvBlu,747000,747590,  80,EB,3000,10187266
26978788,3535,IrvCic,IrvBlu,774000,791990,  80,EB,3000,10187266
26978789,3535,IrvCic,IrvBlu,810000,862790,  80,EB,3000,10187266
26978790,3535,IrvCic,IrvBlu,882000,934190,  80,EB,3600,10187266
26988892,3535,IrvCum,IrvHar,1017000,1017590,  80,EB,4200,10187266
26988976,3535,IrvBlu,IrvCic,1152000,1169990,  80,WB,2700,10187266
26988977,3535,IrvBlu,IrvCic,1170000,1250390,  80,WB,3000,10187266
26988978,3535,IrvBlu,IrvCic,1260000,1403990,  80,WB,2700,10187266
26988979,3535,IrvBwy,IrvAsh,540000,622790,  80,WB,2700,10187266
26988980,3535,IrvBwy,IrvAsh,639000,639590,  80,WB,2700,10187266
26990927,3535,IrvCic,IrvBlu,945000,945590,  80,EB,3600,10187266
26990928,3535,IrvCic,IrvBlu,972000,1002590,  80,EB,3900,10187266
26990929,3535,IrvCic,IrvBlu,1017000,1017590,  80,EB,3600,10187266
26990930,3535,IrvCic,IrvBlu,1044000,1054190,  80,EB,3900,10187266
26990931,3535,IrvCic,IrvBlu,1071000,1071590,  80,EB,3900,10187266
26990932,3535,IrvCic,IrvBlu,1089000,1089590,  80,EB,3300,10187266
26990933,3535,IrvCic,IrvBlu,1107000,1107590,  80,EB,3300,10187266
26990934,3535,IrvCic,IrvBlu,1125000,1125590,  80,EB,3600,10187266
26990935,3535,IrvCic,IrvBlu,1143000,1143590,  80,EB,3300,10187266
26990936,3535,IrvCic,IrvBlu,1161000,1161590,  80,EB,3300,10187266
26990937,3535,IrvCic,IrvBlu,1179000,1179590,  80,EB,3300,10187266
26990938,3535,IrvCic,IrvBlu,1206000,1259990,  80,EB,3000,10187266
26990939,3535,IrvCic,IrvBlu,1260000,1403990,  80,EB,3300,10187266
26990940,3535,IrvCum,IrvHar,540000,620990,  80,EB,3000,10187266
26990941,3535,IrvCum,IrvHar,639000,639590,  80,EB,3300,10187266
26990942,3535,IrvCum,IrvHar,657000,657590,  80,EB,3300,10187266
26990943,3535,IrvCum,IrvHar,684000,694190,  80,EB,3900,10187266
26990944,3535,IrvCum,IrvHar,711000,711590,  80,EB,4200,10187266
26990945,3535,IrvCum,IrvHar,729000,729590,  80,EB,3900,10187266
26990946,3535,IrvCum,IrvHar,747000,747590,  80,EB,3600,10187266
26990947,3535,IrvCum,IrvHar,774000,791990,  80,EB,3600,10187266
26978850,3535,IrvKim,IrvWes,810000,862790,  80,EB,4800,10187266
26978851,3535,IrvKim,IrvWes,729000,729590,  80,EB,5400,10187266
26978852,3535,IrvKim,IrvWes,747000,747590,  80,EB,5100,10187266
26978853,3535,IrvKim,IrvWes,774000,791990,  80,EB,4500,10187266
26978854,3535,IrvKim,IrvWes,882000,934190,  80,EB,4800,10187266
26978918,3535,SheLs,IrvBwy,1242000,1259990,  80,EB,1200,10187266
26978919,3535,SheLs,IrvBwy,1161000,1161590,  80,EB,1500,10187266
26978920,3535,SheLs,IrvBwy,1179000,1179590,  80,EB,1500,10187266
26978924,3535,IrvAsh,IrvWes,540000,622790,  80,WB,2700,10187266
26978925,3535,IrvAsh,IrvWes,639000,639590,  80,WB,3000,10187266
26978926,3535,IrvAsh,IrvWes,666000,687590,  80,WB,3900,10187266
26978927,3535,IrvAsh,IrvWes,711000,711590,  80,WB,3900,10187266
26978928,3535,IrvAsh,IrvWes,738000,755990,  80,WB,3900,10187266
26978929,3535,IrvAsh,IrvWes,756000,773990,  80,WB,3600,10187266
26978930,3535,IrvAsh,IrvWes,774000,848990,  80,WB,3900,10187266
26978931,3535,IrvAsh,IrvWes,873000,873590,  80,WB,4200,10187266
26978932,3535,IrvAsh,IrvWes,891000,891590,  80,WB,4200,10187266
26978934,3535,IrvAsh,IrvWes,909000,909590,  80,WB,4200,10187266
26987034,3535,SheLs,IrvBwy,540000,620990,  80,EB,1200,10187266
26987035,3535,SheLs,IrvBwy,639000,639590,  80,EB,1500,10187266
26987036,3535,SheLs,IrvBwy,657000,657590,  80,EB,1500,10187266
26987037,3535,SheLs,IrvBwy,684000,694190,  80,EB,1500,10187266
26987038,3535,SheLs,IrvBwy,711000,711590,  80,EB,1500,10187266
26987039,3535,SheLs,IrvBwy,729000,729590,  80,EB,1500,10187266
26987040,3535,SheLs,IrvBwy,747000,747590,  80,EB,1800,10187266
26987041,3535,SheLs,IrvBwy,774000,791990,  80,EB,1500,10187266
26995207,3535,IrvKim,IrvBlu,756000,773990,  80,WB,4200,10187266
26995208,3535,IrvKim,IrvBlu,711000,711590,  80,WB,4500,10187266
26971153,3535,IrvCen,IrvCic,711000,711590,  80,EB,4800,10187266
26991214,3535,IrvWes,IrvAsh,945000,945590,  80,EB,3900,10187266
27005449,3535,IrvCen,IrvCic,729000,729590,  80,EB,4500,10187266
27005450,3535,IrvCen,IrvCic,747000,747590,  80,EB,4500,10187266
26973367,3535,IrvBlu,IrvKim,945000,945590,  80,EB,4200,10187266
26973368,3535,IrvAsh,SheLs,1179000,1179590,  80,EB,5100,10187266
26973369,3535,IrvAsh,SheLs,1206000,1277990,  80,EB,4800,10187266
26973370,3535,IrvAsh,SheLs,1278000,1403990,  80,EB,4500,10187266
26973371,3535,IrvBlu,IrvKim,972000,1002590,  80,EB,4500,10187266
26973372,3535,IrvBlu,IrvKim,1017000,1017590,  80,EB,4500,10187266
26973373,3535,IrvBlu,IrvKim,1044000,1054190,  80,EB,4500,10187266
26973374,3535,IrvBlu,IrvKim,1071000,1071590,  80,EB,4500,10187266
26973375,3535,IrvBlu,IrvKim,1089000,1089590,  80,EB,4500,10187266
26973376,3535,IrvBlu,IrvKim,1107000,1107590,  80,EB,4500,10187266
26973377,3535,IrvBlu,IrvKim,1125000,1125590,  80,EB,3900,10187266
26973378,3535,IrvBlu,IrvKim,1143000,1143590,  80,EB,3900,10187266
26973379,3535,IrvBlu,IrvKim,1161000,1161590,  80,EB,3900,10187266
26981224,3535,IrvHar,IrvCum,927000,927590,  80,WB,3900,10187266
26981225,3535,IrvHar,IrvCum,945000,945590,  80,WB,4200,10187266
26981226,3535,IrvHar,IrvCum,972000,989990,  80,WB,4500,10187266
26981227,3535,IrvHar,IrvCum,990000,1040390,  80,WB,3900,10187266
26981228,3535,IrvHar,IrvCum,1053000,1053590,  80,WB,3600,10187266
26981229,3535,IrvHar,IrvCum,1071000,1071590,  80,WB,3900,10187266
26981230,3535,IrvHar,IrvCum,1089000,1089590,  80,WB,3600,10187266
26991400,3535,IrvCum,IrvHar,1206000,1403990,  80,EB,3600,10187266
26991404,3535,IrvCum,IrvHar,1143000,1143590,  80,EB,3600,10187266
26991405,3535,IrvCum,IrvHar,1161000,1161590,  80,EB,3900,10187266
26991406,3535,IrvCum,IrvHar,1179000,1179590,  80,EB,3600,10187266
26991407,3535,IrvHar,IrvCen,540000,620990,  80,EB,5400,10187266
26991408,3535,IrvHar,IrvCen,639000,639590,  80,EB,5700,10187266
26991409,3535,IrvHar,IrvCen,657000,657590,  80,EB,6000,10187266
26991410,3535,IrvHar,IrvCen,684000,694190,  80,EB,6900,10187266
26991411,3535,IrvHar,IrvCen,711000,711590,  80,EB,7200,10187266
26991412,3535,IrvHar,IrvCen,729000,729590,  80,EB,6900,10187266
26991413,3535,IrvHar,IrvCen,747000,747590,  80,EB,7200,10187266
26991414,3535,IrvHar,IrvCen,774000,791990,  80,EB,6900,10187266
26991415,3535,IrvHar,IrvCen,810000,862790,  80,EB,6600,10187266
26991416,3535,IrvHar,IrvCen,882000,934190,  80,EB,7200,10187266
26991417,3535,IrvHar,IrvCen,945000,945590,  80,EB,7800,10187266
26991418,3535,IrvHar,IrvCen,972000,1002590,  80,EB,8400,10187266
26991419,3535,IrvHar,IrvCen,1089000,1089590,  80,EB,8400,10187266
26991420,3535,IrvHar,IrvCen,1017000,1017590,  80,EB,8400,10187266
26991421,3535,IrvHar,IrvCen,1044000,1054190,  80,EB,8700,10187266
26991422,3535,IrvHar,IrvCen,1071000,1071590,  80,EB,8100,10187266
26991423,3535,IrvHar,IrvCen,1107000,1107590,  80,EB,7800,10187266
26991424,3535,IrvHar,IrvCen,1125000,1125590,  80,EB,7500,10187266
26991425,3535,IrvHar,IrvCen,1143000,1143590,  80,EB,7200,10187266
26991426,3535,IrvHar,IrvCen,1161000,1161590,  80,EB,6600,10187266
27005699,3535,IrvCen,IrvCic,774000,791990,  80,EB,3900,10187266
27005700,3535,IrvCen,IrvCic,810000,862790,  80,EB,4500,10187266
26971418,3535,IrvCen,IrvHar,639000,639590,  80,WB,5700,10187266
26971488,3535,IrvHar,IrvCum,1152000,1250390,  80,WB,3900,10187266
26977528,3535,IrvKim,IrvWes,1161000,1161590,  80,EB,4200,10187266
26977530,3535,IrvKim,IrvWes,1125000,1125590,  80,EB,4200,10187266
26977531,3535,IrvKim,IrvWes,1143000,1143590,  80,EB,4500,10187266
26977532,3535,IrvKim,IrvWes,1179000,1179590,  80,EB,4200,10187266
26977533,3535,IrvKim,IrvWes,1206000,1259990,  80,EB,3900,10187266
26977534,3535,IrvKim,IrvWes,1260000,1277990,  80,EB,3600,10187266
26977535,3535,IrvKim,IrvWes,1278000,1403990,  80,EB,3900,10187266
26977536,3535,IrvWes,IrvAsh,540000,620990,  80,EB,2700,10187266
26977537,3535,IrvWes,IrvAsh,639000,639590,  80,EB,3300,10187266
26977538,3535,IrvWes,IrvAsh,657000,657590,  80,EB,3600,10187266
26977539,3535,IrvWes,IrvAsh,684000,694190,  80,EB,4200,10187266
26991469,3535,IrvCic,IrvCen,666000,687590,  80,WB,3300,10187266
26993518,3535,IrvWes,IrvAsh,774000,791990,  80,EB,3900,10187266
26993519,3535,IrvWes,IrvAsh,810000,862790,  80,EB,3900,10187266
26993520,3535,IrvWes,IrvAsh,882000,934190,  80,EB,3900,10187266
26993521,3535,IrvWes,IrvAsh,972000,1002590,  80,EB,4200,10187266
26993522,3535,IrvWes,IrvAsh,1017000,1017590,  80,EB,4200,10187266
26997547,3535,IrvWes,IrvKim,909000,909590,  80,WB,4200,10187266
26997550,3535,IrvWes,IrvKim,927000,927590,  80,WB,4500,10187266
26997551,3535,IrvWes,IrvKim,945000,945590,  80,WB,4500,10187266
26997552,3535,IrvWes,IrvKim,972000,1040390,  80,WB,5400,10187266
26997553,3535,IrvWes,IrvKim,1053000,1053590,  80,WB,5400,10187266
26997554,3535,IrvWes,IrvKim,1071000,1071590,  80,WB,5400,10187266
26997555,3535,IrvWes,IrvKim,1089000,1089590,  80,WB,4800,10187266
27005701,3535,IrvCen,IrvCic,882000,934190,  80,EB,4200,10187266
27005702,3535,IrvCen,IrvCic,945000,945590,  80,EB,4200,10187266
27005703,3535,IrvCen,IrvCic,972000,1002590,  80,EB,4200,10187266
27005704,3535,IrvCen,IrvCic,1017000,1017590,  80,EB,4500,10187266
26971607,3535,IrvBlu,IrvCic,1053000,1053590,  80,WB,5100,10187266
26971608,3535,IrvBlu,IrvCic,1071000,1071590,  80,WB,4500,10187266
26971609,3535,IrvBlu,IrvCic,1089000,1089590,  80,WB,3900,10187266
26971610,3535,IrvBlu,IrvCic,1107000,1107590,  80,WB,3900,10187266
26971611,3535,IrvBlu,IrvCic,1125000,1125590,  80,WB,3000,10187266
26987502,3535,IrvBwy,IrvAsh,1260000,1403990,  80,WB,3000,10187266
26987503,3535,IrvCen,IrvHar,540000,622790,  80,WB,5400,10187266
26999758,3535,IrvWes,IrvAsh,1044000,1054190,  80,EB,4200,10187266
26983569,3535,IrvCen,IrvHar,1152000,1205990,  80,WB,6000,10187266
26983570,3535,IrvCen,IrvHar,1107000,1107590,  80,WB,6300,10187266
26983571,3535,IrvCen,IrvHar,1125000,1125590,  80,WB,6000,10187266
26983572,3535,IrvCen,IrvHar,1206000,1223990,  80,WB,5700,10187266
26983573,3535,IrvCen,IrvHar,1224000,1250390,  80,WB,6300,10187266
26983574,3535,IrvCen,IrvHar,1260000,1403990,  80,WB,5700,10187266
26983575,3535,IrvCic,IrvCen,540000,622790,  80,WB,2700,10187266
26983576,3535,IrvCic,IrvCen,639000,639590,  80,WB,3000,10187266
27001931,3535,IrvHar,IrvCen,1179000,1179590,  80,EB,6600,10187266
27001932,3535,IrvHar,IrvCen,1206000,1223990,  80,EB,6000,10187266
27001933,3535,IrvHar,IrvCen,1224000,1259990,  80,EB,5700,10187266
27001934,3535,IrvHar,IrvCen,1260000,1277990,  80,EB,5400,10187266
27001935,3535,IrvHar,IrvCen,1278000,1403990,  80,EB,4800,10187266
27001936,3535,IrvKim,IrvWes,540000,620990,  80,EB,3600,10187266
27001937,3535,IrvKim,IrvWes,639000,639590,  80,EB,4500,10187266
27001938,3535,IrvKim,IrvWes,657000,657590,  80,EB,4500,10187266
27001939,3535,IrvKim,IrvWes,684000,694190,  80,EB,7500,10187266
27001940,3535,IrvKim,IrvWes,711000,711590,  80,EB,6300,10187266
